RNo,Day,Weekday,Student Location,LocationNumber,Mem,Abs,AttendancePercent,label,County,results
R001,12-08-20,Wednesday,CONROE ISD,170902,64469,181,99.72,0.28,Montgomery,1
R002,13-08-20,Thursday,CONROE ISD,170902,64604,1299,97.99,2.01,Montgomery,0
R003,14-08-20,Friday,CONROE ISD,170902,64690,1917,97.04,2.96,Montgomery,0
R004,17-08-20,Monday,CONROE ISD,170902,63726,1326,97.92,2.08,Montgomery,0
R005,18-08-20,Tuesday,CONROE ISD,170902,63747,1310,97.95,2.05,Montgomery,0
R006,19-08-20,Wednesday,CONROE ISD,170902,63814,1043,98.37,1.63,Montgomery,1
R007,20-08-20,Thursday,CONROE ISD,170902,63814,930,98.54,1.46,Montgomery,1
R008,21-08-20,Friday,CONROE ISD,170902,63814,1140,98.21,1.79,Montgomery,1
R009,24-08-20,Monday,CONROE ISD,170902,63939,1245,98.05,1.95,Montgomery,1
R0010,25-08-20,Tuesday,CONROE ISD,170902,63980,1179,98.16,1.84,Montgomery,1
R0011,31-08-20,Monday,CONROE ISD,170902,64014,1923,97.0,3.0,Montgomery,0
R0012,01-09-20,Tuesday,CONROE ISD,170902,64059,1759,97.25,2.75,Montgomery,0
R0013,02-09-20,Wednesday,CONROE ISD,170902,64085,1680,97.38,2.62,Montgomery,0
R0014,03-09-20,Thursday,CONROE ISD,170902,64118,1859,97.1,2.9,Montgomery,0
R0015,04-09-20,Friday,CONROE ISD,170902,64145,1988,96.9,3.1,Montgomery,0
R0016,08-09-20,Tuesday,CONROE ISD,170902,64268,1701,97.35,2.65,Montgomery,0
R0017,09-09-20,Wednesday,CONROE ISD,170902,64293,1498,97.67,2.33,Montgomery,0
R0018,10-09-20,Thursday,CONROE ISD,170902,64303,1731,97.31,2.69,Montgomery,0
R0019,11-09-20,Friday,CONROE ISD,170902,64312,1966,96.94,3.06,Montgomery,0
R0020,14-09-20,Monday,CONROE ISD,170902,64360,2159,96.65,3.35,Montgomery,0
R0021,15-09-20,Tuesday,CONROE ISD,170902,64381,1916,97.02,2.98,Montgomery,0
R0022,16-09-20,Wednesday,CONROE ISD,170902,64391,1864,97.11,2.89,Montgomery,0
R0023,17-09-20,Thursday,CONROE ISD,170902,64400,2002,96.89,3.11,Montgomery,0
R0024,18-09-20,Friday,CONROE ISD,170902,64398,2277,96.46,3.54,Montgomery,0
R0025,21-09-20,Monday,CONROE ISD,170902,64421,2478,96.15,3.85,Montgomery,0
R0026,22-09-20,Tuesday,CONROE ISD,170902,64436,2662,95.87,4.13,Montgomery,0
R0027,23-09-20,Wednesday,CONROE ISD,170902,64436,2304,96.42,3.58,Montgomery,0
R0028,24-09-20,Thursday,CONROE ISD,170902,64450,2006,96.89,3.11,Montgomery,0
R0029,25-09-20,Friday,CONROE ISD,170902,64451,2337,96.37,3.63,Montgomery,0
R0030,28-09-20,Monday,CONROE ISD,170902,64476,2336,96.38,3.62,Montgomery,0
R0031,29-09-20,Tuesday,CONROE ISD,170902,64495,1938,97.0,3.0,Montgomery,0
R0032,30-09-20,Wednesday,CONROE ISD,170902,64512,1852,97.13,2.87,Montgomery,0
R0033,01-10-20,Thursday,CONROE ISD,170902,64528,1933,97.0,3.0,Montgomery,0
R0034,02-10-20,Friday,CONROE ISD,170902,64526,2320,96.4,3.6,Montgomery,0
R0035,05-10-20,Monday,CONROE ISD,170902,64540,2423,96.25,3.75,Montgomery,0
R0036,06-10-20,Tuesday,CONROE ISD,170902,64565,1990,96.92,3.08,Montgomery,0
R0037,07-10-20,Wednesday,CONROE ISD,170902,64581,1948,96.98,3.02,Montgomery,0
R0038,08-10-20,Thursday,CONROE ISD,170902,64579,2053,96.82,3.18,Montgomery,0
R0039,13-10-20,Tuesday,CONROE ISD,170902,64623,2177,96.63,3.37,Montgomery,0
R0040,14-10-20,Wednesday,CONROE ISD,170902,64648,2459,96.2,3.8,Montgomery,0
R0041,15-10-20,Thursday,CONROE ISD,170902,64610,1970,96.95,3.05,Montgomery,0
R0042,16-10-20,Friday,CONROE ISD,170902,64567,2502,96.12,3.88,Montgomery,0
R0043,19-10-20,Monday,CONROE ISD,170902,64580,2226,96.55,3.45,Montgomery,0
R0044,20-10-20,Tuesday,CONROE ISD,170902,64598,1870,97.11,2.89,Montgomery,0
R0045,21-10-20,Wednesday,CONROE ISD,170902,64575,1856,97.13,2.87,Montgomery,0
R0046,22-10-20,Thursday,CONROE ISD,170902,64584,1961,96.96,3.04,Montgomery,0
R0047,23-10-20,Friday,CONROE ISD,170902,64582,2406,96.27,3.73,Montgomery,0
R0048,26-10-20,Monday,CONROE ISD,170902,64596,2299,96.44,3.56,Montgomery,0
R0049,27-10-20,Tuesday,CONROE ISD,170902,64611,2004,96.9,3.1,Montgomery,0
R0050,28-10-20,Wednesday,CONROE ISD,170902,64637,2045,96.84,3.16,Montgomery,0
R0051,29-10-20,Thursday,CONROE ISD,170902,64629,2089,96.77,3.23,Montgomery,0
R0052,30-10-20,Friday,CONROE ISD,170902,64618,2947,95.44,4.56,Montgomery,0
R0053,02-11-20,Monday,CONROE ISD,170902,64604,3613,94.41,5.59,Montgomery,0
R0054,08-09-20,Tuesday,CYPRESS-FAIRBANKS ISD,101907,109623,52,99.95,0.05,Harris,1
R0055,09-09-20,Wednesday,CYPRESS-FAIRBANKS ISD,101907,111329,3785,96.6,3.4,Harris,0
R0056,10-09-20,Thursday,CYPRESS-FAIRBANKS ISD,101907,112339,3872,96.55,3.45,Harris,0
R0057,11-09-20,Friday,CYPRESS-FAIRBANKS ISD,101907,112723,4650,95.87,4.13,Harris,0
R0058,14-09-20,Monday,CYPRESS-FAIRBANKS ISD,101907,113133,4901,95.67,4.33,Harris,0
R0059,15-09-20,Tuesday,CYPRESS-FAIRBANKS ISD,101907,113397,4695,95.86,4.14,Harris,0
R0060,16-09-20,Wednesday,CYPRESS-FAIRBANKS ISD,101907,113645,4663,95.9,4.1,Harris,0
R0061,17-09-20,Thursday,CYPRESS-FAIRBANKS ISD,101907,113857,4982,95.62,4.38,Harris,0
R0062,18-09-20,Friday,CYPRESS-FAIRBANKS ISD,101907,113973,5961,94.77,5.23,Harris,0
R0063,21-09-20,Monday,CYPRESS-FAIRBANKS ISD,101907,114152,6604,94.21,5.79,Harris,0
R0064,22-09-20,Tuesday,CYPRESS-FAIRBANKS ISD,101907,112723,4901,95.67,4.33,Harris,0
R0065,23-09-20,Wednesday,CYPRESS-FAIRBANKS ISD,101907,114288,7838,93.14,6.86,Harris,0
R0066,24-09-20,Thursday,CYPRESS-FAIRBANKS ISD,101907,114408,5736,94.99,5.01,Harris,0
R0067,25-09-20,Friday,CYPRESS-FAIRBANKS ISD,101907,114478,6585,94.25,5.75,Harris,0
R0068,28-09-20,Monday,CYPRESS-FAIRBANKS ISD,101907,114522,6381,94.43,5.57,Harris,0
R0069,29-09-20,Tuesday,CYPRESS-FAIRBANKS ISD,101907,114560,5847,94.9,5.1,Harris,0
R0070,30-09-20,Wednesday,CYPRESS-FAIRBANKS ISD,101907,114611,5587,95.12,4.88,Harris,0
R0071,01-10-20,Thursday,CYPRESS-FAIRBANKS ISD,101907,114440,5865,94.88,5.12,Harris,0
R0072,02-10-20,Friday,CYPRESS-FAIRBANKS ISD,101907,114407,6813,94.04,5.96,Harris,0
R0073,05-10-20,Monday,CYPRESS-FAIRBANKS ISD,101907,114463,6943,93.93,6.07,Harris,0
R0074,06-10-20,Tuesday,CYPRESS-FAIRBANKS ISD,101907,114578,7665,93.31,6.69,Harris,0
R0075,07-10-20,Wednesday,CYPRESS-FAIRBANKS ISD,101907,114663,6848,94.03,5.97,Harris,0
R0076,08-10-20,Thursday,CYPRESS-FAIRBANKS ISD,101907,114716,6145,94.64,5.36,Harris,0
R0077,09-10-20,Friday,CYPRESS-FAIRBANKS ISD,101907,114710,7478,93.48,6.52,Harris,0
R0078,12-10-20,Monday,CYPRESS-FAIRBANKS ISD,101907,114731,8665,92.45,7.55,Harris,0
R0079,13-10-20,Tuesday,CYPRESS-FAIRBANKS ISD,101907,114779,6450,94.38,5.62,Harris,0
R0080,14-10-20,Wednesday,CYPRESS-FAIRBANKS ISD,101907,114815,6376,94.45,5.55,Harris,0
R0081,15-10-20,Thursday,CYPRESS-FAIRBANKS ISD,101907,114870,6120,94.67,5.33,Harris,0
R0082,16-10-20,Friday,CYPRESS-FAIRBANKS ISD,101907,114859,7667,93.32,6.68,Harris,0
R0083,19-10-20,Monday,CYPRESS-FAIRBANKS ISD,101907,114878,6246,94.56,5.44,Harris,0
R0084,20-10-20,Tuesday,CYPRESS-FAIRBANKS ISD,101907,114897,5542,95.18,4.82,Harris,0
R0085,21-10-20,Wednesday,CYPRESS-FAIRBANKS ISD,101907,114930,5579,95.15,4.85,Harris,0
R0086,22-10-20,Thursday,CYPRESS-FAIRBANKS ISD,101907,114911,5798,94.95,5.05,Harris,0
R0087,23-10-20,Friday,CYPRESS-FAIRBANKS ISD,101907,114913,7020,93.89,6.11,Harris,0
R0088,26-10-20,Monday,CYPRESS-FAIRBANKS ISD,101907,114926,6714,94.16,5.84,Harris,0
R0089,27-10-20,Tuesday,CYPRESS-FAIRBANKS ISD,101907,114950,5798,94.96,5.04,Harris,0
R0090,28-10-20,Wednesday,CYPRESS-FAIRBANKS ISD,101907,115002,5739,95.01,4.99,Harris,0
R0091,29-10-20,Thursday,CYPRESS-FAIRBANKS ISD,101907,115014,5885,94.88,5.12,Harris,0
R0092,30-10-20,Friday,CYPRESS-FAIRBANKS ISD,101907,114990,6941,93.96,6.04,Harris,0
R0093,02-11-20,Monday,CYPRESS-FAIRBANKS ISD,101907,114971,6063,94.73,5.27,Harris,0
R0094,03-11-20,Tuesday,CYPRESS-FAIRBANKS ISD,101907,114952,7495,93.48,6.52,Harris,0
R0095,17-08-20,Monday,FLOYDADA ISD,77901,650,0,100.0,0.0,Floyd,1
R0096,18-08-20,Tuesday,FLOYDADA ISD,77901,658,4,99.39,0.61,Floyd,1
R0097,19-08-20,Wednesday,FLOYDADA ISD,77901,660,7,98.94,1.06,Floyd,1
R0098,20-08-20,Thursday,FLOYDADA ISD,77901,661,14,97.81,2.19,Floyd,0
R0099,21-08-20,Friday,FLOYDADA ISD,77901,663,14,97.89,2.11,Floyd,0
R00100,24-08-20,Monday,FLOYDADA ISD,77901,668,28,95.74,4.26,Floyd,0
R00101,25-08-20,Tuesday,FLOYDADA ISD,77901,668,19,97.16,2.84,Floyd,0
R00102,26-08-20,Wednesday,FLOYDADA ISD,77901,669,32,95.22,4.78,Floyd,0
R00103,27-08-20,Thursday,FLOYDADA ISD,77901,670,37,94.4,5.6,Floyd,0
R00104,28-08-20,Friday,FLOYDADA ISD,77901,671,42,93.67,6.33,Floyd,0
R00105,31-08-20,Monday,FLOYDADA ISD,77901,670,48,92.77,7.23,Floyd,0
R00106,01-09-20,Tuesday,FLOYDADA ISD,77901,671,27,95.9,4.1,Floyd,0
R00107,02-09-20,Wednesday,FLOYDADA ISD,77901,670,33,95.08,4.92,Floyd,0
R00108,03-09-20,Thursday,FLOYDADA ISD,77901,672,32,95.24,4.76,Floyd,0
R00109,04-09-20,Friday,FLOYDADA ISD,77901,674,29,95.62,4.38,Floyd,0
R00110,07-09-20,Monday,FLOYDADA ISD,77901,671,31,100.0,0.0,Floyd,1
R00111,08-09-20,Tuesday,FLOYDADA ISD,77901,674,47,92.95,7.05,Floyd,0
R00112,09-09-20,Wednesday,FLOYDADA ISD,77901,674,54,91.99,8.01,Floyd,0
R00113,10-09-20,Thursday,FLOYDADA ISD,77901,674,35,94.73,5.27,Floyd,0
R00114,11-09-20,Friday,FLOYDADA ISD,77901,674,35,94.81,5.19,Floyd,0
R00115,14-09-20,Monday,FLOYDADA ISD,77901,674,34,94.96,5.04,Floyd,0
R00116,15-09-20,Tuesday,FLOYDADA ISD,77901,675,30,95.56,4.44,Floyd,0
R00117,16-09-20,Wednesday,FLOYDADA ISD,77901,675,31,95.34,4.66,Floyd,0
R00118,17-09-20,Thursday,FLOYDADA ISD,77901,675,33,95.11,4.89,Floyd,0
R00119,18-09-20,Friday,FLOYDADA ISD,77901,675,35,94.74,5.26,Floyd,0
R00120,21-09-20,Monday,FLOYDADA ISD,77901,674,35,94.81,5.19,Floyd,0
R00121,22-09-20,Tuesday,FLOYDADA ISD,77901,673,27,95.92,4.08,Floyd,0
R00122,23-09-20,Wednesday,FLOYDADA ISD,77901,672,37,94.42,5.58,Floyd,0
R00123,24-09-20,Thursday,FLOYDADA ISD,77901,672,27,95.91,4.09,Floyd,0
R00124,25-09-20,Friday,FLOYDADA ISD,77901,672,29,95.61,4.39,Floyd,0
R00125,29-09-20,Tuesday,FLOYDADA ISD,77901,677,28,95.79,4.21,Floyd,0
R00126,30-09-20,Wednesday,FLOYDADA ISD,77901,674,27,96.0,4.0,Floyd,0
R00127,01-10-20,Thursday,FLOYDADA ISD,77901,661,26,96.07,3.93,Floyd,0
R00128,02-10-20,Friday,FLOYDADA ISD,77901,661,57,91.31,8.69,Floyd,0
R00129,05-10-20,Monday,FLOYDADA ISD,77901,665,75,88.73,11.27,Floyd,0
R00130,06-10-20,Tuesday,FLOYDADA ISD,77901,665,64,90.38,9.62,Floyd,0
R00131,07-10-20,Wednesday,FLOYDADA ISD,77901,663,46,93.07,6.93,Floyd,0
R00132,08-10-20,Thursday,FLOYDADA ISD,77901,664,68,89.77,10.23,Floyd,0
R00133,09-10-20,Friday,FLOYDADA ISD,77901,666,47,92.87,7.13,Floyd,0
R00134,12-10-20,Monday,FLOYDADA ISD,77901,553,42,100.0,0.0,Floyd,1
R00135,13-10-20,Tuesday,FLOYDADA ISD,77901,667,57,91.45,8.55,Floyd,0
R00136,14-10-20,Wednesday,FLOYDADA ISD,77901,667,65,90.25,9.75,Floyd,0
R00137,15-10-20,Thursday,FLOYDADA ISD,77901,667,35,94.75,5.25,Floyd,0
R00138,16-10-20,Friday,FLOYDADA ISD,77901,669,36,94.54,5.46,Floyd,0
R00139,19-10-20,Monday,FLOYDADA ISD,77901,665,68,89.78,10.22,Floyd,0
R00140,20-10-20,Tuesday,FLOYDADA ISD,77901,668,70,89.45,10.55,Floyd,0
R00141,21-10-20,Wednesday,FLOYDADA ISD,77901,670,49,92.62,7.38,Floyd,0
R00142,22-10-20,Thursday,FLOYDADA ISD,77901,670,42,93.66,6.34,Floyd,0
R00143,23-10-20,Friday,FLOYDADA ISD,77901,670,50,92.54,7.46,Floyd,0
R00144,26-10-20,Monday,FLOYDADA ISD,77901,670,61,90.9,9.1,Floyd,0
R00145,27-10-20,Tuesday,FLOYDADA ISD,77901,670,1,99.85,0.15,Floyd,1
R00146,28-10-20,Wednesday,FLOYDADA ISD,77901,670,0,100.0,0.0,Floyd,1
R00147,29-10-20,Thursday,FLOYDADA ISD,77901,669,107,84.01,15.99,Floyd,0
R00148,30-10-20,Friday,FLOYDADA ISD,77901,668,68,89.82,10.18,Floyd,0
R00149,02-11-20,Monday,FLOYDADA ISD,77901,647,59,90.89,9.11,Floyd,0
R00150,03-11-20,Tuesday,FLOYDADA ISD,77901,645,46,92.87,7.13,Floyd,0
R00151,04-11-20,Wednesday,FLOYDADA ISD,77901,645,0,100.0,0.0,Floyd,1
R00152,05-11-20,Thursday,FLOYDADA ISD,77901,645,0,100.0,0.0,Floyd,1
R00153,06-11-20,Friday,FLOYDADA ISD,77901,645,0,100.0,0.0,Floyd,1
R00154,18-08-20,Tuesday,PASADENA ISD,101917,47762,9,99.98,0.02,Harris,1
R00155,19-08-20,Wednesday,PASADENA ISD,101917,48502,1212,97.5,2.5,Harris,0
R00156,20-08-20,Thursday,PASADENA ISD,101917,48910,1337,97.27,2.73,Harris,0
R00157,21-08-20,Friday,PASADENA ISD,101917,49162,1677,96.59,3.41,Harris,0
R00158,24-08-20,Monday,PASADENA ISD,101917,49313,1798,96.35,3.65,Harris,0
R00159,25-08-20,Tuesday,PASADENA ISD,101917,49398,2177,95.59,4.41,Harris,0
R00160,26-08-20,Wednesday,PASADENA ISD,101917,49387,18,99.96,0.04,Harris,1
R00161,27-08-20,Thursday,PASADENA ISD,101917,49387,8,99.98,0.02,Harris,1
R00162,28-08-20,Friday,PASADENA ISD,101917,49465,3639,92.64,7.36,Harris,0
R00163,31-08-20,Monday,PASADENA ISD,101917,49543,2240,95.48,4.52,Harris,0
R00164,01-09-20,Tuesday,PASADENA ISD,101917,49593,2104,95.76,4.24,Harris,0
R00165,02-09-20,Wednesday,PASADENA ISD,101917,49650,2130,95.71,4.29,Harris,0
R00166,03-09-20,Thursday,PASADENA ISD,101917,49693,2358,95.25,4.75,Harris,0
R00167,04-09-20,Friday,PASADENA ISD,101917,49723,3087,93.79,6.21,Harris,0
R00168,08-09-20,Tuesday,PASADENA ISD,101917,49791,2353,95.27,4.73,Harris,0
R00169,09-09-20,Wednesday,PASADENA ISD,101917,49911,2001,95.99,4.01,Harris,0
R00170,10-09-20,Thursday,PASADENA ISD,101917,49960,2091,95.81,4.19,Harris,0
R00171,11-09-20,Friday,PASADENA ISD,101917,50004,2503,94.99,5.01,Harris,0
R00172,14-09-20,Monday,PASADENA ISD,101917,50047,2434,95.14,4.86,Harris,0
R00173,15-09-20,Tuesday,PASADENA ISD,101917,50086,2248,95.51,4.49,Harris,0
R00174,16-09-20,Wednesday,PASADENA ISD,101917,50141,2125,95.76,4.24,Harris,0
R00175,17-09-20,Thursday,PASADENA ISD,101917,50174,2297,95.42,4.58,Harris,0
R00176,18-09-20,Friday,PASADENA ISD,101917,50203,2722,94.58,5.42,Harris,0
R00177,21-09-20,Monday,PASADENA ISD,101917,50180,20,99.96,0.04,Harris,1
R00178,22-09-20,Tuesday,PASADENA ISD,101917,50178,20,99.96,0.04,Harris,1
R00179,23-09-20,Wednesday,PASADENA ISD,101917,50177,21,99.96,0.04,Harris,1
R00180,24-09-20,Thursday,PASADENA ISD,101917,50228,2673,94.68,5.32,Harris,0
R00181,25-09-20,Friday,PASADENA ISD,101917,50275,3185,93.66,6.34,Harris,0
R00182,28-09-20,Monday,PASADENA ISD,101917,50300,2848,94.34,5.66,Harris,0
R00183,29-09-20,Tuesday,PASADENA ISD,101917,50350,2534,94.97,5.03,Harris,0
R00184,30-09-20,Wednesday,PASADENA ISD,101917,50377,2564,94.91,5.09,Harris,0
R00185,01-10-20,Thursday,PASADENA ISD,101917,50407,2626,94.79,5.21,Harris,0
R00186,02-10-20,Friday,PASADENA ISD,101917,50418,3118,93.82,6.18,Harris,0
R00187,05-10-20,Monday,PASADENA ISD,101917,50419,2975,94.1,5.9,Harris,0
R00188,06-10-20,Tuesday,PASADENA ISD,101917,50430,2807,94.43,5.57,Harris,0
R00189,07-10-20,Wednesday,PASADENA ISD,101917,50448,2327,95.39,4.61,Harris,0
R00190,08-10-20,Thursday,PASADENA ISD,101917,50471,2241,95.56,4.44,Harris,0
R00191,09-10-20,Friday,PASADENA ISD,101917,50486,3142,93.78,6.22,Harris,0
R00192,12-10-20,Monday,PASADENA ISD,101917,973,0,100.0,0.0,Harris,1
R00193,13-10-20,Tuesday,PASADENA ISD,101917,983,1,99.9,0.1,Harris,1
R00194,14-10-20,Wednesday,PASADENA ISD,101917,50500,1935,96.17,3.83,Harris,0
R00195,15-10-20,Thursday,PASADENA ISD,101917,50520,1598,96.84,3.16,Harris,0
R00196,16-10-20,Friday,PASADENA ISD,101917,50524,1991,96.06,3.94,Harris,0
R00197,19-10-20,Monday,PASADENA ISD,101917,50531,1953,96.14,3.86,Harris,0
R00198,20-10-20,Tuesday,PASADENA ISD,101917,50539,1659,96.72,3.28,Harris,0
R00199,21-10-20,Wednesday,PASADENA ISD,101917,50541,1535,96.96,3.04,Harris,0
R00200,22-10-20,Thursday,PASADENA ISD,101917,50549,1509,97.01,2.99,Harris,0
R00201,23-10-20,Friday,PASADENA ISD,101917,50543,1865,96.31,3.69,Harris,0
R00202,26-10-20,Monday,PASADENA ISD,101917,50529,1966,96.11,3.89,Harris,0
R00203,27-10-20,Tuesday,PASADENA ISD,101917,50548,1668,96.7,3.3,Harris,0
R00204,28-10-20,Wednesday,PASADENA ISD,101917,50561,1612,96.81,3.19,Harris,0
R00205,29-10-20,Thursday,PASADENA ISD,101917,50573,1726,96.59,3.41,Harris,0
R00206,30-10-20,Friday,PASADENA ISD,101917,50548,1969,96.1,3.9,Harris,0
R00207,02-11-20,Monday,PASADENA ISD,101917,50521,2042,95.96,4.04,Harris,0
R00208,03-11-20,Tuesday,PASADENA ISD,101917,12,6,50.0,50.0,Harris,0
R00209,04-11-20,Wednesday,PASADENA ISD,101917,50505,1491,97.05,2.95,Harris,0
R00210,05-11-20,Thursday,PASADENA ISD,101917,50508,1661,96.71,3.29,Harris,0
R00211,06-11-20,Friday,PASADENA ISD,101917,50505,2072,95.9,4.1,Harris,0
R00212,09-11-20,Monday,PASADENA ISD,101917,50479,2031,95.98,4.02,Harris,0
R00213,10-11-20,Tuesday,PASADENA ISD,101917,50501,1766,96.5,3.5,Harris,0
R00214,19-08-20,Wednesday,SNOOK ISD,26903,466,0,100.0,0.0,Burleson,1
R00215,20-08-20,Thursday,SNOOK ISD,26903,468,0,100.0,0.0,Burleson,1
R00216,21-08-20,Friday,SNOOK ISD,26903,469,3,99.36,0.64,Burleson,1
R00217,24-08-20,Monday,SNOOK ISD,26903,475,5,98.84,1.16,Burleson,1
R00218,25-08-20,Tuesday,SNOOK ISD,26903,477,11,97.59,2.41,Burleson,0
R00219,26-08-20,Wednesday,SNOOK ISD,26903,478,12,97.49,2.51,Burleson,0
R00220,27-08-20,Thursday,SNOOK ISD,26903,483,22,95.35,4.65,Burleson,0
R00221,28-08-20,Friday,SNOOK ISD,26903,485,27,94.43,5.57,Burleson,0
R00222,31-08-20,Monday,SNOOK ISD,26903,485,19,96.08,3.92,Burleson,0
R00223,01-09-20,Tuesday,SNOOK ISD,26903,486,20,95.88,4.12,Burleson,0
R00224,02-09-20,Wednesday,SNOOK ISD,26903,487,10,97.95,2.05,Burleson,0
R00225,03-09-20,Thursday,SNOOK ISD,26903,486,15,96.91,3.09,Burleson,0
R00226,04-09-20,Friday,SNOOK ISD,26903,486,14,97.12,2.88,Burleson,0
R00227,07-09-20,Monday,SNOOK ISD,26903,232,0,0.0,0.0,Burleson,1
R00228,08-09-20,Tuesday,SNOOK ISD,26903,487,14,97.13,2.87,Burleson,0
R00229,09-09-20,Wednesday,SNOOK ISD,26903,487,14,97.13,2.87,Burleson,0
R00230,10-09-20,Thursday,SNOOK ISD,26903,487,10,97.95,2.05,Burleson,0
R00231,11-09-20,Friday,SNOOK ISD,26903,484,16,96.59,3.41,Burleson,0
R00232,14-09-20,Monday,SNOOK ISD,26903,485,10,97.94,2.06,Burleson,0
R00233,15-09-20,Tuesday,SNOOK ISD,26903,486,9,98.15,1.85,Burleson,1
R00234,16-09-20,Wednesday,SNOOK ISD,26903,486,5,98.97,1.03,Burleson,1
R00235,17-09-20,Thursday,SNOOK ISD,26903,484,8,98.35,1.65,Burleson,1
R00236,18-09-20,Friday,SNOOK ISD,26903,484,10,97.94,2.06,Burleson,0
R00237,21-09-20,Monday,SNOOK ISD,26903,483,14,97.0,3.0,Burleson,0
R00238,22-09-20,Tuesday,SNOOK ISD,26903,483,13,97.21,2.79,Burleson,0
R00239,23-09-20,Wednesday,SNOOK ISD,26903,483,15,96.9,3.1,Burleson,0
R00240,24-09-20,Thursday,SNOOK ISD,26903,483,8,98.35,1.65,Burleson,1
R00241,25-09-20,Friday,SNOOK ISD,26903,483,23,95.14,4.86,Burleson,0
R00242,28-09-20,Monday,SNOOK ISD,26903,484,11,97.73,2.27,Burleson,0
R00243,29-09-20,Tuesday,SNOOK ISD,26903,484,10,97.93,2.07,Burleson,0
R00244,30-09-20,Wednesday,SNOOK ISD,26903,485,3,99.38,0.62,Burleson,1
R00245,01-10-20,Thursday,SNOOK ISD,26903,484,4,99.07,0.93,Burleson,1
R00246,02-10-20,Friday,SNOOK ISD,26903,484,13,97.31,2.69,Burleson,0
R00247,05-10-20,Monday,SNOOK ISD,26903,485,8,98.35,1.65,Burleson,1
R00248,06-10-20,Tuesday,SNOOK ISD,26903,488,8,98.26,1.74,Burleson,1
R00249,07-10-20,Wednesday,SNOOK ISD,26903,488,6,98.77,1.23,Burleson,1
R00250,08-10-20,Thursday,SNOOK ISD,26903,488,12,97.54,2.46,Burleson,0
R00251,09-10-20,Friday,SNOOK ISD,26903,486,16,96.61,3.39,Burleson,0
R00252,12-10-20,Monday,SNOOK ISD,26903,488,16,100.0,0.0,Burleson,1
R00253,13-10-20,Tuesday,SNOOK ISD,26903,483,8,98.35,1.65,Burleson,1
R00254,14-10-20,Wednesday,SNOOK ISD,26903,480,4,99.17,0.83,Burleson,1
R00255,15-10-20,Thursday,SNOOK ISD,26903,480,10,97.92,2.08,Burleson,0
R00256,16-10-20,Friday,SNOOK ISD,26903,478,8,98.22,1.78,Burleson,1
R00257,19-10-20,Monday,SNOOK ISD,26903,478,4,99.16,0.84,Burleson,1
R00258,20-10-20,Tuesday,SNOOK ISD,26903,477,11,97.69,2.31,Burleson,0
R00259,21-10-20,Wednesday,SNOOK ISD,26903,477,10,97.9,2.1,Burleson,0
R00260,22-10-20,Thursday,SNOOK ISD,26903,476,8,98.32,1.68,Burleson,1
R00261,23-10-20,Friday,SNOOK ISD,26903,476,14,97.06,2.94,Burleson,0
R00262,26-10-20,Monday,SNOOK ISD,26903,476,3,99.37,0.63,Burleson,1
R00263,27-10-20,Tuesday,SNOOK ISD,26903,476,11,97.69,2.31,Burleson,0
R00264,28-10-20,Wednesday,SNOOK ISD,26903,476,7,98.42,1.58,Burleson,1
R00265,29-10-20,Thursday,SNOOK ISD,26903,475,5,98.95,1.05,Burleson,1
R00266,30-10-20,Friday,SNOOK ISD,26903,475,9,98.11,1.89,Burleson,1
R00267,02-11-20,Monday,SNOOK ISD,26903,476,11,97.58,2.42,Burleson,0
R00268,03-11-20,Tuesday,SNOOK ISD,26903,476,5,98.95,1.05,Burleson,1
R00269,04-11-20,Wednesday,SNOOK ISD,26903,476,24,94.96,5.04,Burleson,0
R00270,05-11-20,Thursday,SNOOK ISD,26903,476,1,99.79,0.21,Burleson,1
R00271,06-11-20,Friday,SNOOK ISD,26903,476,1,99.79,0.21,Burleson,1
R00272,17-08-20,Monday,SOCORRO ISD,71909,43570,0,100.0,0.0,El Paso,1
R00273,18-08-20,Tuesday,SOCORRO ISD,71909,45571,1526,96.48,3.52,El Paso,0
R00274,19-08-20,Wednesday,SOCORRO ISD,71909,46085,1520,96.54,3.46,El Paso,0
R00275,20-08-20,Thursday,SOCORRO ISD,71909,46347,1769,96.02,3.98,El Paso,0
R00276,21-08-20,Friday,SOCORRO ISD,71909,46505,2328,94.85,5.15,El Paso,0
R00277,24-08-20,Monday,SOCORRO ISD,71909,46634,2062,95.42,4.58,El Paso,0
R00278,25-08-20,Tuesday,SOCORRO ISD,71909,46725,1861,95.85,4.15,El Paso,0
R00279,26-08-20,Wednesday,SOCORRO ISD,71909,46780,1592,95.79,4.21,El Paso,0
R00280,27-08-20,Thursday,SOCORRO ISD,71909,46811,2231,95.07,4.93,El Paso,0
R00281,28-08-20,Friday,SOCORRO ISD,71909,46841,2540,94.43,5.57,El Paso,0
R00282,31-08-20,Monday,SOCORRO ISD,71909,46862,2286,94.97,5.03,El Paso,0
R00283,01-09-20,Tuesday,SOCORRO ISD,71909,46884,2129,95.28,4.72,El Paso,0
R00284,02-09-20,Wednesday,SOCORRO ISD,71909,46900,2004,95.56,4.44,El Paso,0
R00285,03-09-20,Thursday,SOCORRO ISD,71909,46917,2321,94.87,5.13,El Paso,0
R00286,04-09-20,Friday,SOCORRO ISD,71909,46915,3151,93.13,6.87,El Paso,0
R00287,08-09-20,Tuesday,SOCORRO ISD,71909,46941,2490,94.51,5.49,El Paso,0
R00288,09-09-20,Wednesday,SOCORRO ISD,71909,46979,2263,95.02,4.98,El Paso,0
R00289,10-09-20,Thursday,SOCORRO ISD,71909,46983,2196,95.14,4.86,El Paso,0
R00290,11-09-20,Friday,SOCORRO ISD,71909,46990,2807,93.88,6.12,El Paso,0
R00291,14-09-20,Monday,SOCORRO ISD,71909,46983,2480,94.56,5.44,El Paso,0
R00292,15-09-20,Tuesday,SOCORRO ISD,71909,47010,2134,95.27,4.73,El Paso,0
R00293,16-09-20,Wednesday,SOCORRO ISD,71909,47027,2217,95.12,4.88,El Paso,0
R00294,17-09-20,Thursday,SOCORRO ISD,71909,47033,2491,94.51,5.49,El Paso,0
R00295,18-09-20,Friday,SOCORRO ISD,71909,47019,2974,93.51,6.49,El Paso,0
R00296,21-09-20,Monday,SOCORRO ISD,71909,47031,2551,94.94,5.06,El Paso,0
R00297,22-09-20,Tuesday,SOCORRO ISD,71909,47027,2290,94.93,5.07,El Paso,0
R00298,23-09-20,Wednesday,SOCORRO ISD,71909,47032,2201,95.15,4.85,El Paso,0
R00299,24-09-20,Thursday,SOCORRO ISD,71909,47043,2155,95.22,4.78,El Paso,0
R00300,25-09-20,Friday,SOCORRO ISD,71909,47050,2560,94.4,5.6,El Paso,0
R00301,28-09-20,Monday,SOCORRO ISD,71909,47044,2296,94.94,5.06,El Paso,0
R00302,29-09-20,Tuesday,SOCORRO ISD,71909,47043,1965,95.62,4.38,El Paso,0
R00303,30-09-20,Wednesday,SOCORRO ISD,71909,47050,1915,95.75,4.25,El Paso,0
R00304,01-10-20,Thursday,SOCORRO ISD,71909,47048,1947,95.66,4.34,El Paso,0
R00305,02-10-20,Friday,SOCORRO ISD,71909,47052,2377,94.78,5.22,El Paso,0
R00306,05-10-20,Monday,SOCORRO ISD,71909,47050,2147,95.25,4.75,El Paso,0
R00307,06-10-20,Tuesday,SOCORRO ISD,71909,47053,1781,96.0,4.0,El Paso,0
R00308,07-10-20,Wednesday,SOCORRO ISD,71909,47061,1612,96.39,3.61,El Paso,0
R00309,08-10-20,Thursday,SOCORRO ISD,71909,47052,1766,96.03,3.97,El Paso,0
R00310,09-10-20,Friday,SOCORRO ISD,71909,47040,2714,94.05,5.95,El Paso,0
R00311,26-10-20,Monday,SOCORRO ISD,71909,47009,2621,94.23,5.77,El Paso,0
R00312,27-10-20,Tuesday,SOCORRO ISD,71909,47049,2314,94.84,5.16,El Paso,0
R00313,28-10-20,Wednesday,SOCORRO ISD,71909,47061,2122,95.28,4.72,El Paso,0
R00314,29-10-20,Thursday,SOCORRO ISD,71909,47079,2072,95.33,4.67,El Paso,0
R00315,30-10-20,Friday,SOCORRO ISD,71909,47086,2526,94.29,5.71,El Paso,0
R00316,02-11-20,Monday,SOCORRO ISD,71909,47053,1945,95.59,4.41,El Paso,0
R00317,03-11-20,Tuesday,SOCORRO ISD,71909,47078,1866,95.71,4.29,El Paso,0
R00318,04-11-20,Wednesday,SOCORRO ISD,71909,47099,1896,95.51,4.49,El Paso,0
R00319,05-11-20,Thursday,SOCORRO ISD,71909,47098,2372,94.56,5.44,El Paso,0
R00320,06-11-20,Friday,SOCORRO ISD,71909,47098,2372,94.56,5.44,El Paso,0
R00321,08-09-20,Tuesday,KLEIN ISD,101915,54695,0,100.0,0.0,Harris,1
R00322,09-09-20,Wednesday,KLEIN ISD,101915,53327,635,98.81,1.19,Harris,1
R00323,10-09-20,Thursday,KLEIN ISD,101915,53728,796,98.52,1.48,Harris,1
R00324,11-09-20,Friday,KLEIN ISD,101915,53882,1031,98.09,1.91,Harris,1
R00325,14-09-20,Monday,KLEIN ISD,101915,54049,1112,97.94,2.06,Harris,0
R00326,15-09-20,Tuesday,KLEIN ISD,101915,54132,1084,98.0,2.0,Harris,0
R00327,16-09-20,Wednesday,KLEIN ISD,101915,54186,1064,98.04,1.96,Harris,1
R00328,17-09-20,Thursday,KLEIN ISD,101915,54219,1138,97.9,2.1,Harris,0
R00329,18-09-20,Friday,KLEIN ISD,101915,54245,1447,97.33,2.67,Harris,0
R00330,21-09-20,Monday,KLEIN ISD,101915,54287,1642,96.97,3.03,Harris,0
R00331,22-09-20,Tuesday,KLEIN ISD,101915,54280,3311,93.9,6.1,Harris,0
R00332,23-09-20,Wednesday,KLEIN ISD,101915,54313,1530,97.18,2.82,Harris,0
R00333,24-09-20,Thursday,KLEIN ISD,101915,54341,1214,97.77,2.23,Harris,0
R00334,25-09-20,Friday,KLEIN ISD,101915,54341,1505,97.23,2.77,Harris,0
R00335,28-09-20,Monday,KLEIN ISD,101915,54371,1519,97.21,2.79,Harris,0
R00336,29-09-20,Tuesday,KLEIN ISD,101915,54382,1274,97.66,2.34,Harris,0
R00337,30-09-20,Wednesday,KLEIN ISD,101915,54386,1174,97.84,2.16,Harris,0
R00338,01-10-20,Thursday,KLEIN ISD,101915,54396,1293,97.62,2.38,Harris,0
R00339,02-10-20,Friday,KLEIN ISD,101915,54402,1567,97.12,2.88,Harris,0
R00340,05-10-20,Monday,KLEIN ISD,101915,54425,1522,97.2,2.8,Harris,0
R00341,06-10-20,Tuesday,KLEIN ISD,101915,54446,1292,97.63,2.37,Harris,0
R00342,07-10-20,Wednesday,KLEIN ISD,101915,54446,1314,97.59,2.41,Harris,0
R00343,08-10-20,Thursday,KLEIN ISD,101915,54428,1562,97.13,2.87,Harris,0
R00344,13-10-20,Tuesday,KLEIN ISD,101915,54431,1500,97.24,2.76,Harris,0
R00345,14-10-20,Wednesday,KLEIN ISD,101915,54460,1311,97.59,2.41,Harris,0
R00346,15-10-20,Thursday,KLEIN ISD,101915,54456,1296,97.62,2.38,Harris,0
R00347,16-10-20,Friday,KLEIN ISD,101915,54474,1674,96.93,3.07,Harris,0
R00348,19-10-20,Monday,KLEIN ISD,101915,54474,1562,97.13,2.87,Harris,0
R00349,20-10-20,Tuesday,KLEIN ISD,101915,54515,1336,97.55,2.45,Harris,0
R00350,21-10-20,Wednesday,KLEIN ISD,101915,54519,1252,97.7,2.3,Harris,0
R00351,22-10-20,Thursday,KLEIN ISD,101915,54522,1264,97.68,2.32,Harris,0
R00352,23-10-20,Friday,KLEIN ISD,101915,54512,1711,96.86,3.14,Harris,0
R00353,26-10-20,Monday,KLEIN ISD,101915,54531,1583,97.1,2.9,Harris,0
R00354,27-10-20,Tuesday,KLEIN ISD,101915,54537,1261,97.69,2.31,Harris,0
R00355,28-10-20,Wednesday,KLEIN ISD,101915,54542,1275,97.66,2.34,Harris,0
R00356,29-10-20,Thursday,KLEIN ISD,101915,54549,1272,97.67,2.33,Harris,0
R00357,30-10-20,Friday,KLEIN ISD,101915,54546,1586,97.09,2.91,Harris,0
R00358,02-11-20,Monday,KLEIN ISD,101915,54520,1673,96.93,3.07,Harris,0
R00359,04-11-20,Wednesday,KLEIN ISD,101915,54516,1385,97.46,2.54,Harris,0
R00360,05-11-20,Thursday,KLEIN ISD,101915,54514,1331,97.56,2.44,Harris,0
R00361,06-11-20,Friday,KLEIN ISD,101915,54511,1683,96.91,3.09,Harris,0
R00362,09-11-20,Monday,KLEIN ISD,101915,54509,1719,96.85,3.15,Harris,0
R00363,10-11-20,Tuesday,KLEIN ISD,101915,54529,1510,97.23,2.77,Harris,0
R00364,11-11-20,Wednesday,KLEIN ISD,101915,54541,1493,97.26,2.74,Harris,0
R00365,12-11-20,Thursday,KLEIN ISD,101915,54547,1536,97.18,2.82,Harris,0
R00366,13-11-20,Friday,KLEIN ISD,101915,54548,2007,96.32,3.68,Harris,0
R00367,10-08-20,Monday,GARLAND ISD,57909,53265,7776,85.4,14.6,Dallas,0
R00368,11-08-20,Tuesday,GARLAND ISD,57909,53428,6197,88.4,11.6,Dallas,0
R00369,12-08-20,Wednesday,GARLAND ISD,57909,53526,5352,90.0,10.0,Dallas,0
R00370,13-08-20,Thursday,GARLAND ISD,57909,53545,4711,91.2,8.8,Dallas,0
R00371,14-08-20,Friday,GARLAND ISD,57909,53550,4658,91.3,8.7,Dallas,0
R00372,17-08-20,Monday,GARLAND ISD,57909,53500,4922,90.8,9.2,Dallas,0
R00373,18-08-20,Tuesday,GARLAND ISD,57909,53449,4382,91.8,8.2,Dallas,0
R00374,19-08-20,Wednesday,GARLAND ISD,57909,53373,3949,92.6,7.4,Dallas,0
R00375,20-08-20,Thursday,GARLAND ISD,57909,53279,4049,92.4,7.6,Dallas,0
R00376,21-08-20,Friday,GARLAND ISD,57909,53299,4423,91.7,8.3,Dallas,0
R00377,24-08-20,Monday,GARLAND ISD,57909,53262,4207,92.1,7.9,Dallas,0
R00378,25-08-20,Tuesday,GARLAND ISD,57909,53246,4206,92.1,7.9,Dallas,0
R00379,26-08-20,Wednesday,GARLAND ISD,57909,53259,3994,92.5,7.5,Dallas,0
R00380,27-08-20,Thursday,GARLAND ISD,57909,53268,4048,92.4,7.6,Dallas,0
R00381,28-08-20,Friday,GARLAND ISD,57909,53288,4316,91.9,8.1,Dallas,0
R00382,31-08-20,Monday,GARLAND ISD,57909,53269,4048,92.4,7.6,Dallas,0
R00383,01-09-20,Tuesday,GARLAND ISD,57909,53229,3992,92.5,7.5,Dallas,0
R00384,02-09-20,Wednesday,GARLAND ISD,57909,53135,4144,92.2,7.8,Dallas,0
R00385,03-09-20,Thursday,GARLAND ISD,57909,53147,4039,92.4,7.6,Dallas,0
R00386,04-09-20,Friday,GARLAND ISD,57909,53156,4784,91.0,9.0,Dallas,0
R00387,08-09-20,Tuesday,GARLAND ISD,57909,53181,3722,93.0,7.0,Dallas,0
R00388,09-09-20,Wednesday,GARLAND ISD,57909,53184,3510,93.4,6.6,Dallas,0
R00389,10-09-20,Thursday,GARLAND ISD,57909,53205,3511,93.4,6.6,Dallas,0
R00390,11-09-20,Friday,GARLAND ISD,57909,53218,3778,92.9,7.1,Dallas,0
R00391,14-09-20,Monday,GARLAND ISD,57909,53233,3619,93.2,6.8,Dallas,0
R00392,15-09-20,Tuesday,GARLAND ISD,57909,53236,3566,93.3,6.7,Dallas,0
R00393,16-09-20,Wednesday,GARLAND ISD,57909,53242,3513,93.4,6.6,Dallas,0
R00394,17-09-20,Thursday,GARLAND ISD,57909,53254,3141,94.1,5.9,Dallas,0
R00395,18-09-20,Friday,GARLAND ISD,57909,53237,3833,92.8,7.2,Dallas,0
R00396,21-09-20,Monday,GARLAND ISD,57909,53258,3728,93.0,7.0,Dallas,0
R00397,22-09-20,Tuesday,GARLAND ISD,57909,53262,3621,93.2,6.8,Dallas,0
R00398,23-09-20,Wednesday,GARLAND ISD,57909,53269,3515,93.4,6.6,Dallas,0
R00399,24-09-20,Thursday,GARLAND ISD,57909,53274,3622,93.2,6.8,Dallas,0
R00400,25-09-20,Friday,GARLAND ISD,57909,53015,3976,92.5,7.5,Dallas,0
R00401,28-09-20,Monday,GARLAND ISD,57909,53014,3923,92.6,7.4,Dallas,0
R00402,29-09-20,Tuesday,GARLAND ISD,57909,53009,3604,93.2,6.8,Dallas,0
R00403,30-09-20,Wednesday,GARLAND ISD,57909,53010,3498,93.4,6.6,Dallas,0
R00404,01-10-20,Thursday,GARLAND ISD,57909,53009,3604,93.2,6.8,Dallas,0
R00405,02-10-20,Friday,GARLAND ISD,57909,53003,3816,92.8,7.2,Dallas,0
R00406,12-10-20,Monday,GARLAND ISD,57909,53014,3817,92.8,7.2,Dallas,0
R00407,13-10-20,Tuesday,GARLAND ISD,57909,53021,3234,93.9,6.1,Dallas,0
R00408,14-10-20,Wednesday,GARLAND ISD,57909,53024,1590,97.0,3.0,Dallas,0
R00409,15-10-20,Thursday,GARLAND ISD,57909,53030,3287,93.8,6.2,Dallas,0
R00410,16-10-20,Friday,GARLAND ISD,57909,53051,3766,92.9,7.1,Dallas,0
R00411,19-10-20,Monday,GARLAND ISD,57909,53058,3661,93.1,6.9,Dallas,0
R00412,20-10-20,Tuesday,GARLAND ISD,57909,53019,3446,93.5,6.5,Dallas,0
R00413,21-10-20,Wednesday,GARLAND ISD,57909,53022,3393,93.6,6.4,Dallas,0
R00414,22-10-20,Thursday,GARLAND ISD,57909,53047,3235,93.9,6.1,Dallas,0
R00415,23-10-20,Friday,GARLAND ISD,57909,53047,3925,92.6,7.4,Dallas,0
R00416,26-10-20,Monday,GARLAND ISD,57909,53068,3608,93.2,6.8,Dallas,0
R00417,27-10-20,Tuesday,GARLAND ISD,57909,53080,3397,93.6,6.4,Dallas,0
R00418,28-10-20,Wednesday,GARLAND ISD,57909,53075,3396,93.6,6.4,Dallas,0
R00419,29-10-20,Thursday,GARLAND ISD,57909,53089,3397,93.6,6.4,Dallas,0
R00420,30-10-20,Friday,GARLAND ISD,57909,53111,2655,95.0,5.0,Dallas,0
R00421,02-11-20,Monday,GARLAND ISD,57909,53116,2602,95.1,4.9,Dallas,0
R00422,04-11-20,Wednesday,GARLAND ISD,57909,53111,2336,95.6,4.4,Dallas,0
R00423,05-11-20,Thursday,GARLAND ISD,57909,53112,2283,95.7,4.3,Dallas,0
R00424,06-11-20,Friday,GARLAND ISD,57909,53112,2602,95.1,4.9,Dallas,0
R00425,09-11-20,Monday,GARLAND ISD,57909,53136,2391,95.5,4.5,Dallas,0
R00426,10-11-20,Tuesday,GARLAND ISD,57909,53160,2232,95.8,4.2,Dallas,0
R00427,11-11-20,Wednesday,GARLAND ISD,57909,53164,2498,95.3,4.7,Dallas,0
R00428,12-11-20,Thursday,GARLAND ISD,57909,53154,2285,95.7,4.3,Dallas,0
R00429,08-09-20,Tuesday,DALLAS ISD,57905,125031,11135,91.09,8.91,Dallas,0
R00430,09-09-20,Wednesday,DALLAS ISD,57905,126715,7371,94.18,5.82,Dallas,0
R00431,10-09-20,Thursday,DALLAS ISD,57905,125306,6397,94.89,5.11,Dallas,0
R00432,11-09-20,Friday,DALLAS ISD,57905,126417,6479,94.87,5.13,Dallas,0
R00433,14-09-20,Monday,DALLAS ISD,57905,131257,8218,93.74,6.26,Dallas,0
R00434,15-09-20,Tuesday,DALLAS ISD,57905,132767,7935,94.02,5.98,Dallas,0
R00435,16-09-20,Wednesday,DALLAS ISD,57905,128594,7391,94.25,5.75,Dallas,0
R00436,17-09-20,Thursday,DALLAS ISD,57905,134433,8021,94.03,5.97,Dallas,0
R00437,18-09-20,Friday,DALLAS ISD,57905,132642,9168,93.09,6.91,Dallas,0
R00438,21-09-20,Monday,DALLAS ISD,57905,138387,10231,92.61,7.39,Dallas,0
R00439,22-09-20,Tuesday,DALLAS ISD,57905,137037,10422,92.39,7.61,Dallas,0
R00440,23-09-20,Wednesday,DALLAS ISD,57905,130502,9263,92.9,7.1,Dallas,0
R00441,24-09-20,Thursday,DALLAS ISD,57905,135862,10751,92.09,7.91,Dallas,0
R00442,25-09-20,Friday,DALLAS ISD,57905,135738,11270,91.7,8.3,Dallas,0
R00443,28-09-20,Monday,DALLAS ISD,57905,139621,11992,91.41,8.59,Dallas,0
R00444,29-09-20,Tuesday,DALLAS ISD,57905,142665,11147,92.19,7.81,Dallas,0
R00445,30-09-20,Wednesday,DALLAS ISD,57905,138006,10836,92.15,7.85,Dallas,0
R00446,01-10-20,Thursday,DALLAS ISD,57905,142190,11882,91.64,8.36,Dallas,0
R00447,02-10-20,Friday,DALLAS ISD,57905,138864,13360,90.38,9.62,Dallas,0
R00448,05-10-20,Monday,DALLAS ISD,57905,141016,10816,92.33,7.67,Dallas,0
R00449,06-10-20,Tuesday,DALLAS ISD,57905,142139,10528,92.59,7.41,Dallas,0
R00450,07-10-20,Wednesday,DALLAS ISD,57905,141862,9887,93.03,6.97,Dallas,0
R00451,08-10-20,Thursday,DALLAS ISD,57905,142795,10880,92.38,7.62,Dallas,0
R00452,09-10-20,Friday,DALLAS ISD,57905,144255,11772,91.84,8.16,Dallas,0
R00453,12-10-20,Monday,DALLAS ISD,57905,144102,13965,90.31,9.69,Dallas,0
R00454,13-10-20,Tuesday,DALLAS ISD,57905,144305,11554,91.99,8.01,Dallas,0
R00455,14-10-20,Wednesday,DALLAS ISD,57905,142700,10079,92.94,7.06,Dallas,0
R00456,15-10-20,Thursday,DALLAS ISD,57905,144306,11333,92.15,7.85,Dallas,0
R00457,16-10-20,Friday,DALLAS ISD,57905,144345,12535,91.32,8.68,Dallas,0
R00458,19-10-20,Monday,DALLAS ISD,57905,145315,12990,91.06,8.94,Dallas,0
R00459,20-10-20,Tuesday,DALLAS ISD,57905,143624,10814,92.47,7.53,Dallas,0
R00460,21-10-20,Wednesday,DALLAS ISD,57905,145658,11957,91.79,8.21,Dallas,0
R00461,22-10-20,Thursday,DALLAS ISD,57905,144524,12735,91.19,8.81,Dallas,0
R00462,23-10-20,Friday,DALLAS ISD,57905,145473,13392,90.79,9.21,Dallas,0
R00463,26-10-20,Monday,DALLAS ISD,57905,146016,13970,90.43,9.57,Dallas,0
R00464,27-10-20,Tuesday,DALLAS ISD,57905,146129,13019,91.09,8.91,Dallas,0
R00465,28-10-20,Wednesday,DALLAS ISD,57905,143267,12122,91.54,8.46,Dallas,0
R00466,29-10-20,Thursday,DALLAS ISD,57905,146298,12593,91.39,8.61,Dallas,0
R00467,30-10-20,Friday,DALLAS ISD,57905,145135,13917,90.41,9.59,Dallas,0
R00468,02-11-20,Monday,DALLAS ISD,57905,145298,13055,91.02,8.98,Dallas,0
R00469,03-11-20,Tuesday,DALLAS ISD,57905,504,3,99.4,0.6,Dallas,1
R00470,04-11-20,Wednesday,DALLAS ISD,57905,145629,13119,90.99,9.01,Dallas,0
R00471,05-11-20,Thursday,DALLAS ISD,57905,146358,12086,91.74,8.26,Dallas,0
R00472,06-11-20,Friday,DALLAS ISD,57905,146850,13159,91.04,8.96,Dallas,0
R00473,09-11-20,Monday,DALLAS ISD,57905,146797,12226,91.67,8.33,Dallas,0
R00474,10-11-20,Tuesday,DALLAS ISD,57905,147222,12105,91.78,8.22,Dallas,0
R00475,11-11-20,Wednesday,DALLAS ISD,57905,145445,10956,92.47,7.53,Dallas,0
R00476,12-11-20,Thursday,DALLAS ISD,57905,147442,12352,91.62,8.38,Dallas,0
R00477,13-11-20,Friday,DALLAS ISD,57905,146970,13069,91.11,8.89,Dallas,0
R00478,16-11-20,Monday,DALLAS ISD,57905,147758,14322,90.31,9.69,Dallas,0
R00479,17-11-20,Tuesday,DALLAS ISD,57905,147923,12842,91.32,8.68,Dallas,0
R00480,18-11-20,Wednesday,DALLAS ISD,57905,145928,11477,92.14,7.86,Dallas,0
R00481,19-11-20,Thursday,DALLAS ISD,57905,146827,12255,91.65,8.35,Dallas,0
R00482,20-11-20,Friday,DALLAS ISD,57905,145691,13888,90.47,9.53,Dallas,0
R00483,12-08-20,Wednesday,FORT WORTH ISD,220905,1087,5,99.54,0.46,Tarrant,1
R00484,12-08-20,Wednesday,FORT WORTH ISD,220905,1087,5,99.54,0.46,Tarrant,1
R00485,13-08-20,Thursday,FORT WORTH ISD,220905,1112,32,97.12,2.88,Tarrant,0
R00486,13-08-20,Thursday,FORT WORTH ISD,220905,1112,32,97.12,2.88,Tarrant,0
R00487,14-08-20,Friday,FORT WORTH ISD,220905,1112,31,97.21,2.79,Tarrant,0
R00488,14-08-20,Friday,FORT WORTH ISD,220905,1112,31,97.21,2.79,Tarrant,0
R00489,17-08-20,Monday,FORT WORTH ISD,220905,1116,21,98.12,1.88,Tarrant,1
R00490,17-08-20,Monday,FORT WORTH ISD,220905,1116,21,98.12,1.88,Tarrant,1
R00491,18-08-20,Tuesday,FORT WORTH ISD,220905,1117,47,95.79,4.21,Tarrant,0
R00492,18-08-20,Tuesday,FORT WORTH ISD,220905,1117,47,95.79,4.21,Tarrant,0
R00493,19-08-20,Wednesday,FORT WORTH ISD,220905,1118,29,97.41,2.59,Tarrant,0
R00494,19-08-20,Wednesday,FORT WORTH ISD,220905,1118,29,97.41,2.59,Tarrant,0
R00495,20-08-20,Thursday,FORT WORTH ISD,220905,1117,43,96.15,3.85,Tarrant,0
R00496,20-08-20,Thursday,FORT WORTH ISD,220905,1117,43,96.15,3.85,Tarrant,0
R00497,21-08-20,Friday,FORT WORTH ISD,220905,1115,32,97.13,2.87,Tarrant,0
R00498,21-08-20,Friday,FORT WORTH ISD,220905,1115,32,97.13,2.87,Tarrant,0
R00499,24-08-20,Monday,FORT WORTH ISD,220905,1114,26,97.67,2.33,Tarrant,0
R00500,24-08-20,Monday,FORT WORTH ISD,220905,1114,26,97.67,2.33,Tarrant,0
R00501,25-08-20,Tuesday,FORT WORTH ISD,220905,1116,37,96.68,3.32,Tarrant,0
R00502,25-08-20,Tuesday,FORT WORTH ISD,220905,1116,37,96.68,3.32,Tarrant,0
R00503,31-08-20,Monday,FORT WORTH ISD,220905,1116,34,96.95,3.05,Tarrant,0
R00504,31-08-20,Monday,FORT WORTH ISD,220905,1116,34,96.95,3.05,Tarrant,0
R00505,01-09-20,Tuesday,FORT WORTH ISD,220905,1116,36,96.77,3.23,Tarrant,0
R00506,01-09-20,Tuesday,FORT WORTH ISD,220905,1116,36,96.77,3.23,Tarrant,0
R00507,02-09-20,Wednesday,FORT WORTH ISD,220905,1116,42,96.24,3.76,Tarrant,0
R00508,02-09-20,Wednesday,FORT WORTH ISD,220905,1116,42,96.24,3.76,Tarrant,0
R00509,03-09-20,Thursday,FORT WORTH ISD,220905,1116,47,95.79,4.21,Tarrant,0
R00510,03-09-20,Thursday,FORT WORTH ISD,220905,1116,47,95.79,4.21,Tarrant,0
R00511,04-09-20,Friday,FORT WORTH ISD,220905,1116,26,97.67,2.33,Tarrant,0
R00512,04-09-20,Friday,FORT WORTH ISD,220905,1116,26,97.67,2.33,Tarrant,0
R00513,08-09-20,Tuesday,FORT WORTH ISD,220905,76260,895,98.83,1.17,Tarrant,1
R00514,08-09-20,Tuesday,FORT WORTH ISD,220905,76260,895,98.83,1.17,Tarrant,1
R00515,09-09-20,Wednesday,FORT WORTH ISD,220905,79609,2859,96.41,3.59,Tarrant,0
R00516,09-09-20,Wednesday,FORT WORTH ISD,220905,79609,2859,96.41,3.59,Tarrant,0
R00517,10-09-20,Thursday,FORT WORTH ISD,220905,80974,3235,96.0,4.0,Tarrant,0
R00518,10-09-20,Thursday,FORT WORTH ISD,220905,80974,3235,96.0,4.0,Tarrant,0
R00519,11-09-20,Friday,FORT WORTH ISD,220905,81608,4054,95.03,4.97,Tarrant,0
R00520,11-09-20,Friday,FORT WORTH ISD,220905,81608,4054,95.03,4.97,Tarrant,0
R00521,14-09-20,Monday,FORT WORTH ISD,220905,82131,4402,94.64,5.36,Tarrant,0
R00522,14-09-20,Monday,FORT WORTH ISD,220905,82131,4402,94.64,5.36,Tarrant,0
R00523,15-09-20,Tuesday,FORT WORTH ISD,220905,82484,4518,94.52,5.48,Tarrant,0
R00524,15-09-20,Tuesday,FORT WORTH ISD,220905,82484,4518,94.52,5.48,Tarrant,0
R00525,16-09-20,Wednesday,FORT WORTH ISD,220905,82699,4201,94.92,5.08,Tarrant,0
R00526,16-09-20,Wednesday,FORT WORTH ISD,220905,82699,4201,94.92,5.08,Tarrant,0
R00527,17-09-20,Thursday,FORT WORTH ISD,220905,82904,4451,94.63,5.37,Tarrant,0
R00528,17-09-20,Thursday,FORT WORTH ISD,220905,82904,4451,94.63,5.37,Tarrant,0
R00529,18-09-20,Friday,FORT WORTH ISD,220905,83006,5376,93.52,6.48,Tarrant,0
R00530,18-09-20,Friday,FORT WORTH ISD,220905,83006,5376,93.52,6.48,Tarrant,0
R00531,21-09-20,Monday,FORT WORTH ISD,220905,83130,5786,93.04,6.96,Tarrant,0
R00532,21-09-20,Monday,FORT WORTH ISD,220905,83130,5786,93.04,6.96,Tarrant,0
R00533,22-09-20,Tuesday,FORT WORTH ISD,220905,83236,5052,93.93,6.07,Tarrant,0
R00534,22-09-20,Tuesday,FORT WORTH ISD,220905,83236,5052,93.93,6.07,Tarrant,0
R00535,23-09-20,Wednesday,FORT WORTH ISD,220905,83334,5238,93.71,6.29,Tarrant,0
R00536,23-09-20,Wednesday,FORT WORTH ISD,220905,83334,5238,93.71,6.29,Tarrant,0
R00537,24-09-20,Thursday,FORT WORTH ISD,220905,83403,5094,93.89,6.11,Tarrant,0
R00538,24-09-20,Thursday,FORT WORTH ISD,220905,83403,5094,93.89,6.11,Tarrant,0
R00539,25-09-20,Friday,FORT WORTH ISD,220905,83430,5948,92.87,7.13,Tarrant,0
R00540,25-09-20,Friday,FORT WORTH ISD,220905,83430,5948,92.87,7.13,Tarrant,0
R00541,28-09-20,Monday,FORT WORTH ISD,220905,83440,6109,92.68,7.32,Tarrant,0
R00542,28-09-20,Monday,FORT WORTH ISD,220905,83440,6109,92.68,7.32,Tarrant,0
R00543,29-09-20,Tuesday,FORT WORTH ISD,220905,83493,6014,92.8,7.2,Tarrant,0
R00544,29-09-20,Tuesday,FORT WORTH ISD,220905,83493,6014,92.8,7.2,Tarrant,0
R00545,30-09-20,Wednesday,FORT WORTH ISD,220905,83547,6227,92.55,7.45,Tarrant,0
R00546,30-09-20,Wednesday,FORT WORTH ISD,220905,83547,6227,92.55,7.45,Tarrant,0
R00547,01-10-20,Thursday,FORT WORTH ISD,220905,83543,6546,92.16,7.84,Tarrant,0
R00548,01-10-20,Thursday,FORT WORTH ISD,220905,83543,6546,92.16,7.84,Tarrant,0
R00549,02-10-20,Friday,FORT WORTH ISD,220905,83535,6216,92.56,7.44,Tarrant,0
R00550,02-10-20,Friday,FORT WORTH ISD,220905,83535,6216,92.56,7.44,Tarrant,0
R00551,05-10-20,Monday,FORT WORTH ISD,220905,83597,6058,92.75,7.25,Tarrant,0
R00552,05-10-20,Monday,FORT WORTH ISD,220905,83597,6058,92.75,7.25,Tarrant,0
R00553,06-10-20,Tuesday,FORT WORTH ISD,220905,83698,5860,93.0,7.0,Tarrant,0
R00554,06-10-20,Tuesday,FORT WORTH ISD,220905,83698,5860,93.0,7.0,Tarrant,0
R00555,07-10-20,Wednesday,FORT WORTH ISD,220905,83763,6617,92.1,7.9,Tarrant,0
R00556,07-10-20,Wednesday,FORT WORTH ISD,220905,83763,6617,92.1,7.9,Tarrant,0
R00557,08-10-20,Thursday,FORT WORTH ISD,220905,83812,6194,92.61,7.39,Tarrant,0
R00558,08-10-20,Thursday,FORT WORTH ISD,220905,83812,6194,92.61,7.39,Tarrant,0
R00559,13-10-20,Tuesday,FORT WORTH ISD,220905,83816,7385,91.19,8.81,Tarrant,0
R00560,13-10-20,Tuesday,FORT WORTH ISD,220905,83816,7385,91.19,8.81,Tarrant,0
R00561,14-10-20,Wednesday,FORT WORTH ISD,220905,83939,6075,92.76,7.24,Tarrant,0
R00562,14-10-20,Wednesday,FORT WORTH ISD,220905,83939,6075,92.76,7.24,Tarrant,0
R00563,15-10-20,Thursday,FORT WORTH ISD,220905,83998,6084,92.76,7.24,Tarrant,0
R00564,15-10-20,Thursday,FORT WORTH ISD,220905,83998,6084,92.76,7.24,Tarrant,0
R00565,16-10-20,Friday,FORT WORTH ISD,220905,84042,5754,93.15,6.85,Tarrant,0
R00566,16-10-20,Friday,FORT WORTH ISD,220905,84042,5754,93.15,6.85,Tarrant,0
R00567,19-10-20,Monday,FORT WORTH ISD,220905,84055,6655,92.08,7.92,Tarrant,0
R00568,19-10-20,Monday,FORT WORTH ISD,220905,84055,6655,92.08,7.92,Tarrant,0
R00569,20-10-20,Tuesday,FORT WORTH ISD,220905,84222,5620,93.33,6.67,Tarrant,0
R00570,20-10-20,Tuesday,FORT WORTH ISD,220905,84222,5620,93.33,6.67,Tarrant,0
R00571,21-10-20,Wednesday,FORT WORTH ISD,220905,84305,5166,93.87,6.13,Tarrant,0
R00572,21-10-20,Wednesday,FORT WORTH ISD,220905,84305,5166,93.87,6.13,Tarrant,0
R00573,22-10-20,Thursday,FORT WORTH ISD,220905,84311,4760,94.35,5.65,Tarrant,0
R00574,22-10-20,Thursday,FORT WORTH ISD,220905,84311,4760,94.35,5.65,Tarrant,0
R00575,23-10-20,Friday,FORT WORTH ISD,220905,84369,5107,93.95,6.05,Tarrant,0
R00576,23-10-20,Friday,FORT WORTH ISD,220905,84369,5107,93.95,6.05,Tarrant,0
R00577,26-10-20,Monday,FORT WORTH ISD,220905,84349,6634,92.14,7.86,Tarrant,0
R00578,26-10-20,Monday,FORT WORTH ISD,220905,84349,6634,92.14,7.86,Tarrant,0
R00579,27-10-20,Tuesday,FORT WORTH ISD,220905,84376,6476,92.32,7.68,Tarrant,0
R00580,27-10-20,Tuesday,FORT WORTH ISD,220905,84376,6476,92.32,7.68,Tarrant,0
R00581,28-10-20,Wednesday,FORT WORTH ISD,220905,84417,6002,92.89,7.11,Tarrant,0
R00582,28-10-20,Wednesday,FORT WORTH ISD,220905,84417,6002,92.89,7.11,Tarrant,0
R00583,29-10-20,Thursday,FORT WORTH ISD,220905,84443,6110,92.76,7.24,Tarrant,0
R00584,29-10-20,Thursday,FORT WORTH ISD,220905,84443,6110,92.76,7.24,Tarrant,0
R00585,30-10-20,Friday,FORT WORTH ISD,220905,84464,5457,93.54,6.46,Tarrant,0
R00586,30-10-20,Friday,FORT WORTH ISD,220905,84464,5457,93.54,6.46,Tarrant,0
R00587,02-11-20,Monday,FORT WORTH ISD,220905,84440,6544,92.25,7.75,Tarrant,0
R00588,02-11-20,Monday,FORT WORTH ISD,220905,84440,6544,92.25,7.75,Tarrant,0
R00589,03-11-20,Tuesday,FORT WORTH ISD,220905,1101,49,95.55,4.45,Tarrant,0
R00590,03-11-20,Tuesday,FORT WORTH ISD,220905,1101,49,95.55,4.45,Tarrant,0
R00591,04-11-20,Wednesday,FORT WORTH ISD,220905,84472,5911,93.0,7.0,Tarrant,0
R00592,04-11-20,Wednesday,FORT WORTH ISD,220905,84472,5911,93.0,7.0,Tarrant,0
R00593,05-11-20,Thursday,FORT WORTH ISD,220905,84524,5745,93.2,6.8,Tarrant,0
R00594,05-11-20,Thursday,FORT WORTH ISD,220905,84524,5745,93.2,6.8,Tarrant,0
R00595,06-11-20,Friday,FORT WORTH ISD,220905,84583,5491,93.51,6.49,Tarrant,0
R00596,06-11-20,Friday,FORT WORTH ISD,220905,84583,5491,93.51,6.49,Tarrant,0
R00597,09-11-20,Monday,FORT WORTH ISD,220905,83540,5677,93.2,6.8,Tarrant,0
R00598,09-11-20,Monday,FORT WORTH ISD,220905,83540,5677,93.2,6.8,Tarrant,0
R00599,10-11-20,Tuesday,FORT WORTH ISD,220905,83570,6301,92.46,7.54,Tarrant,0
R00600,10-11-20,Tuesday,FORT WORTH ISD,220905,83570,6301,92.46,7.54,Tarrant,0
R00601,11-11-20,Wednesday,FORT WORTH ISD,220905,83599,6234,92.54,7.46,Tarrant,0
R00602,11-11-20,Wednesday,FORT WORTH ISD,220905,83599,6234,92.54,7.46,Tarrant,0
R00603,12-11-20,Thursday,FORT WORTH ISD,220905,83638,5804,93.06,6.94,Tarrant,0
R00604,12-11-20,Thursday,FORT WORTH ISD,220905,83638,5804,93.06,6.94,Tarrant,0
R00605,13-11-20,Friday,FORT WORTH ISD,220905,83684,6083,92.73,7.27,Tarrant,0
R00606,13-11-20,Friday,FORT WORTH ISD,220905,83684,6083,92.73,7.27,Tarrant,0
R00607,19-08-20,Wednesday,KATY ISD,101914,101415,2569,97.47,2.53,Harris,0
R00608,20-08-20,Thursday,KATY ISD,101914,102165,2703,97.35,2.65,Harris,0
R00609,21-08-20,Friday,KATY ISD,101914,102404,2994,97.08,2.92,Harris,0
R00610,24-08-20,Monday,KATY ISD,101914,102585,2771,97.3,2.7,Harris,0
R00611,25-08-20,Tuesday,KATY ISD,101914,102721,2507,97.56,2.44,Harris,0
R00612,26-08-20,Wednesday,KATY ISD,101914,102875,2904,97.18,2.82,Harris,0
R00613,27-08-20,Thursday,KATY ISD,101914,102940,3099,96.99,3.01,Harris,0
R00614,28-08-20,Friday,KATY ISD,101914,102970,2886,97.2,2.8,Harris,0
R00615,31-08-20,Monday,KATY ISD,101914,103004,2577,97.5,2.5,Harris,0
R00616,01-09-20,Tuesday,KATY ISD,101914,103078,2761,97.32,2.68,Harris,0
R00617,02-09-20,Wednesday,KATY ISD,101914,103142,2739,97.34,2.66,Harris,0
R00618,03-09-20,Thursday,KATY ISD,101914,103152,2828,97.26,2.74,Harris,0
R00619,04-09-20,Friday,KATY ISD,101914,103125,3388,96.71,3.29,Harris,0
R00620,08-09-20,Tuesday,KATY ISD,101914,103215,3721,96.39,3.61,Harris,0
R00621,09-09-20,Wednesday,KATY ISD,101914,103299,3227,96.88,3.12,Harris,0
R00622,10-09-20,Thursday,KATY ISD,101914,103381,3114,96.99,3.01,Harris,0
R00623,11-09-20,Friday,KATY ISD,101914,103445,3659,96.46,3.54,Harris,0
R00624,14-09-20,Monday,KATY ISD,101914,103503,3460,96.66,3.34,Harris,0
R00625,15-09-20,Tuesday,KATY ISD,101914,103562,3343,96.77,3.23,Harris,0
R00626,16-09-20,Wednesday,KATY ISD,101914,103617,3209,96.9,3.1,Harris,0
R00627,17-09-20,Thursday,KATY ISD,101914,103671,3509,96.61,3.39,Harris,0
R00628,18-09-20,Friday,KATY ISD,101914,103663,4011,96.13,3.87,Harris,0
R00629,21-09-20,Monday,KATY ISD,101914,103698,4348,95.81,4.19,Harris,0
R00630,22-09-20,Tuesday,KATY ISD,101914,103748,5867,94.34,5.66,Harris,0
R00631,23-09-20,Wednesday,KATY ISD,101914,103798,3638,96.49,3.51,Harris,0
R00632,24-09-20,Thursday,KATY ISD,101914,103801,3778,96.36,3.64,Harris,0
R00633,28-09-20,Monday,KATY ISD,101914,103741,4218,95.93,4.07,Harris,0
R00634,29-09-20,Tuesday,KATY ISD,101914,103768,3928,96.21,3.79,Harris,0
R00635,30-09-20,Wednesday,KATY ISD,101914,103891,3705,96.43,3.57,Harris,0
R00636,01-10-20,Thursday,KATY ISD,101914,103928,3710,96.43,3.57,Harris,0
R00637,02-10-20,Friday,KATY ISD,101914,103944,4324,95.84,4.16,Harris,0
R00638,05-10-20,Monday,KATY ISD,101914,104014,4140,96.02,3.98,Harris,0
R00639,06-10-20,Tuesday,KATY ISD,101914,104044,3820,96.33,3.67,Harris,0
R00640,07-10-20,Wednesday,KATY ISD,101914,104033,3486,96.65,3.35,Harris,0
R00641,08-10-20,Thursday,KATY ISD,101914,104077,3581,96.56,3.44,Harris,0
R00642,09-10-20,Friday,KATY ISD,101914,104061,4288,95.88,4.12,Harris,0
R00643,13-10-20,Tuesday,KATY ISD,101914,104076,3631,96.51,3.49,Harris,0
R00644,14-10-20,Wednesday,KATY ISD,101914,104105,3830,96.32,3.68,Harris,0
R00645,15-10-20,Thursday,KATY ISD,101914,104155,3652,96.49,3.51,Harris,0
R00646,16-10-20,Friday,KATY ISD,101914,104147,4416,95.76,4.24,Harris,0
R00647,19-10-20,Monday,KATY ISD,101914,104229,3955,96.2,3.8,Harris,0
R00648,20-10-20,Tuesday,KATY ISD,101914,104276,3596,96.55,3.45,Harris,0
R00649,21-10-20,Wednesday,KATY ISD,101914,104305,3522,96.62,3.38,Harris,0
R00650,22-10-20,Thursday,KATY ISD,101914,104350,3668,96.48,3.52,Harris,0
R00651,23-10-20,Friday,KATY ISD,101914,104346,4389,95.79,4.21,Harris,0
R00652,26-10-20,Monday,KATY ISD,101914,104354,4508,95.68,4.32,Harris,0
R00653,27-10-20,Tuesday,KATY ISD,101914,104347,3979,96.19,3.81,Harris,0
R00654,28-10-20,Wednesday,KATY ISD,101914,104354,3982,96.18,3.82,Harris,0
R00655,29-10-20,Thursday,KATY ISD,101914,104351,3928,96.23,3.77,Harris,0
R00656,30-10-20,Friday,KATY ISD,101914,104368,4892,95.31,4.69,Harris,0
R00657,02-11-20,Monday,KATY ISD,101914,104405,4352,95.83,4.17,Harris,0
R00658,03-11-20,Tuesday,KATY ISD,101914,104443,4288,95.89,4.11,Harris,0
R00659,04-11-20,Wednesday,KATY ISD,101914,104475,4268,95.91,4.09,Harris,0
R00660,05-11-20,Thursday,KATY ISD,101914,104489,4308,95.88,4.12,Harris,0
R00661,09-11-20,Monday,KATY ISD,101914,104526,4604,95.59,4.41,Harris,0
R00662,10-11-20,Tuesday,KATY ISD,101914,104558,4139,96.04,3.96,Harris,0
R00663,11-11-20,Wednesday,KATY ISD,101914,104587,4086,96.09,3.91,Harris,0
R00664,12-11-20,Thursday,KATY ISD,101914,104604,4223,95.96,4.04,Harris,0
R00665,13-11-20,Friday,KATY ISD,101914,104613,5171,95.06,4.94,Harris,0
R00666,16-11-20,Monday,KATY ISD,101914,104630,4828,95.38,4.62,Harris,0
R00667,17-11-20,Tuesday,KATY ISD,101914,104658,4478,95.72,4.28,Harris,0
R00668,18-11-20,Wednesday,KATY ISD,101914,104684,4362,95.83,4.17,Harris,0
R00669,19-11-20,Thursday,KATY ISD,101914,104696,4581,95.62,4.38,Harris,0
R00670,20-11-20,Friday,KATY ISD,101914,104685,6772,93.53,6.47,Harris,0
R00671,30-11-20,Monday,KATY ISD,101914,104651,5253,94.98,5.02,Harris,0
R00672,01-12-20,Tuesday,KATY ISD,101914,104673,4453,95.74,4.26,Harris,0
R00673,02-12-20,Wednesday,KATY ISD,101914,104692,625,99.4,0.6,Harris,1
